max,02:51:10,2025-08-29
bill,02:55:23,2025-08-29
max,02:55:32,2025-08-29
snoop,03:05:56,2025-08-29
max,03:06:11,2025-08-29
max,03:18:26,2025-08-29
max,03:25:26,2025-08-29
bill,03:26:08,2025-08-29
max,03:27:17,2025-08-29
snoop,03:27:36,2025-08-29
max,03:28:13,2025-08-29
max,03:33:55,2025-08-29
snoop,03:44:21,2025-08-29
snoop,03:44:21,2025-08-29
snoop,03:44:26,2025-08-29
max,03:44:33,2025-08-29
max,03:45:11,2025-08-29
max,03:52:31,2025-08-29
max,03:56:23,2025-08-29
max,03:58:18,2025-08-29
max,04:18:16,2025-08-29
snoop,04:19:20,2025-08-29
max,04:19:20,2025-08-29
